ORIGEM	ÁREA	CURSO	 CH - CURSO	 PREÇO CURSO - MATRÍCULA	MÓDULO UNIDADE CURRICULAR	CH - MÓDULO	 PREÇO MÓDULO - MATRÍCULA	CAPACIDADE DESENVOLVIDA - MÓDULO
CT 60x40	Celulose e Papel	Gestão da Produção de Celulose e Papel	  40 		Gestão da Qualidade na Produção de Papel e Celulose	14	 R$  -   	●  Apresentar a importância da gestão da qualidade e do uso de suas ferramentas no processamento de papel e celulose 
CT 60x40	Celulose e Papel	Gestão da Produção de Celulose e Papel	  40 		Mecanismos de Controle na Produção e na Segurança dos Trabalhadores de Indústria de Celulose e Papel	13	 R$  -   	
CT 60x40	Celulose e Papel	Gestão da Produção de Celulose e Papel	  40 		Soluções na Administração de Materiais na Produção de Celulose e Papel	13	 R$  -   	
CT 60x40	Celulose e Papel	Planejamento e Controle dos Processos de Produção de Celulose e Papel	  40 		Gestão e Estrutura de PCP	14	 R$  -   	● Identificar necessidades, problemas ou oportunidades de melhorias em seu campo de trabalho. ● Demonstrar postura ética na tomada de decisões, responsabilizando-se pelos impactos gerados.
CT 60x40	Celulose e Papel	Planejamento e Controle dos Processos de Produção de Celulose e Papel	  40 		Planejamento de recursos na produção de celulose	13	 R$  -   	● Identificar os balanços de massa e energia, para o dimensionamento dos insumos, matéria-prima e utilidades para processo produtivo de celulose e papel
CT 60x40	Celulose e Papel	Planejamento e Controle dos Processos de Produção de Celulose e Papel	  40 		Planejamento e Controle de Produção de Celulose	13	 R$  -   	● Identificar a inter-relação entre as etapas dos processos de extração de celulose, recuperação química do licor e sistemas de utilidades,tendo em vistao acompanhamento do planejamento do processo de produção
CT 60x40	Celulose e Papel	Gestao Pessoas	  40 		Liderança e Equipes de Trabalho	14	 R$  -   	
CT 60x40	Celulose e Papel	Gestao Pessoas	  40 		Perfil Profissional de Lideranças e Profissionais da Indústria	13	 R$  -   	
CT 60x40	Celulose e Papel	Gestao Pessoas	  40 		Avaliação de Desempenho, Treinamento e Desenvolvimento de Pessoas	13	 R$  -   	
CT 60x40	Eletrônica	Planejamento, Qualidade e Prevenção de Acidentes	  15 		Planejamento, Qualidade e Prevenção de Acidentes	15	 R$  -   	●Aplicar ferramentas de controle para verificação da sequência dos processos das instalações eletroeletrônicas ● Identificar os critérios contidos nas diretrizes e instruções de trabalho pertinentes em cada instalação a ser realizada ● Avaliar o cumprimento dos requisitos relacionados à sustentabilidade conforme padrões estabelecidos pela política de meio ambiente da empresa ● Avaliar o atendimento dos requisitos técnicos de instalação conforme padrões estabelecidos pela política de gestão de qualidade da empresa ● Avaliar o cumprimento dos procedimentos de segurança e utilização dos equipamentos de proteção individuais e coletivos pelas equipes de trabalho na realização das atividades de instalação de sistemas eletroeletrônicos ● Estabelecer o tempo de execução de cada instalação eletroeletrônica para elaboração de cronograma do serviço ● Identificar oportunidades de racionalização de recursos tendo em vista as novas tecnologias utilizadas no processo de instalação eletroeletrônica ● Aplicar ferramentas de gerenciamento de projetos para acompanhamento dos recursos e das atividades de instalações de sistemas eletroeletrônicos ● Aplicar os fundamentos da qualidade e meio ambiente nas atividades de instalação e manutenção de sistemas eletroeletrônicos
CT 60x40	Eletrônica	Gestão de Pessoas e do Processo	  15 		Gestão de Pessoas e do Processo	15	 R$  -   	● AvaIiar o cumprimento dos requisitos relacionados a Sustentabilidade conforme padrões estabelecidos pela política de meio ambiente da empresa ● Avaliar o atendimento dos requisitos técnicos de instalação conforme padrões estabelecidos pela política de gestão de qualidade da empresa ● Avaliar o cumprimento dos procedimentos de segurança e utilização dos equipamentos de proteção individuais e coletivos pelas equipes de trabalho na realização das atividades de instalação de sistemas eletroeletrônicos ● Identificar as necessidades de treinamentos e orientações técnicas para as equipes de trabalho nas atividades de instalações de sistemas eletroeletrônicos ● Estabelecer o tempo de execução de cada instalação eletroeletrônica para elaboração de cronograma do serviço eletroeletrônicos. ● Aplicar técnicas de gerenciamento de pessoas para realizar intervenções e correções durante a supervisão das instalações dos sistemas
CT 60x40	Eletrônica	Gestão da Manutenção de sistemas eletrônicos	  30 		Princípios da Manutenção, Planejamento e Qualidade Ambiental	15	 R$  -   	●AvaIiar o atendimento dos requisitos técnicos de manutenção Conforme padrões estabelecidos pela política de gestão de qualidade da empresa ● Avaliar o cumprimento dos requisitos relacionados a sustentabilidade conforme padrões estabelecidos pela política de meio ambiente da empresa
CT 60x40	Eletrônica	Gestão da Manutenção de sistemas eletrônicos	  30 		Controle da Manutenção e Liderança	15	 R$  -   	● Verificar os comprimentos de segurança e utilização dos equipamentos de proteção individuais e coletivos pelas equipes de trabalho na realização das atividades
CT 60x40	Eletrônica	Dispositivos Eletrônicos Analógicos e de Potência	  30 		Componentes Optoeletrônicos	10	 R$  -   	●Reconhecer os fundamentos da eletrônica de potência associados aos componentes e circuitos utilizados em sistemas eletrônicos
CT 60x40	Eletrônica	Dispositivos Eletrônicos Analógicos e de Potência	  30 		Dispositivos de Proteção e Circuitos de Radiofrequência	20	 R$  -   	●Reconhecer os fundamentos da eletrônica de potência associados aos componentes e circuitos utilizados em sistemas eletrônicos
CT 60x40	Eletrônica	Fundamentos da Eletrônica em corrente contínua	  20 		Unidades de Medida	10	 R$  -   	● Reconhecer os fundamentos de desenho técnico aplicados em projetos eletroeletrônicos
CT 60x40	Eletrônica	Fundamentos da Eletrônica em corrente contínua	  20 		Desenho Técnico	10	 R$  -   	● Reconhecer os fundamentos de desenho técnico aplicados em projetos eletroeletrônicos
CT 60x40	Eletrônica	Fundamentos da Eletrônica em corrente alternada	  20 		Motores e Máquinas Elétricas	10	 R$  -   	● Reconhecer os fundamentos da eletricidade quanto a cargas, circuitos e grandezas elétricas em corrente alternada
CT 60x40	Eletrônica	Fundamentos da Eletrônica em corrente alternada	  20 		Geradores e Transformadores	10	 R$  -   	● Reconhecer os fundamentos da eletricidade quanto a cargas, circuitos e grandezas elétricas em corrente alternada
CT 60x40	Eletrônica	Sistemas Eletrônicos Digitais	  30 		Tecnologias de Circuitos Digitais	10	 R$  -   	
CT 60x40	Eletrônica	Sistemas Eletrônicos Digitais	  30 		Memórias Semicondutoras	10	 R$  -   	
CT 60x40	Eletrônica	Sistemas Eletrônicos Digitais	  30 		Dispositivos Lógicos Programáveis	10	 R$  -   	
CT 60x40	Eletrônica	Montagem e Instalação de Sistemas Eletrônicos	  39 		Placas de Circuito Impresso	13	 R$  -   	● Identificar os tipos de procedimentos técnicos de acordo com a infraestrutura do sistema eletrônico a ser instalado; ● Analisar as características ambientais para identificação de possíveis interferências que impactam no sistema eletrônico; ● Identificar as especificações técnicas dos insumos, dispositivos, Máquinas, equipamentos e ferramentas nos manuais e catálogos do fabricante de acordo com o sistema eletrônico.
CT 60x40	Eletrônica	Montagem e Instalação de Sistemas Eletrônicos	  39 		Componentes Eletrônicos	13	 R$  -   	● Identificar os tipos de procedimentos técnicos de acordo com a infraestrutura do sistema eletrônico a ser instalado; ● Analisar as características ambientais para identificação de possíveis interferências que impactam no sistema eletrônico; ● Identificar as especificações técnicas dos insumos, dispositivos, Máquinas, equipamentos e ferramentas nos manuais e catálogos do fabricante de acordo com o sistema eletrônico.
CT 60x40	Eletrônica	Montagem e Instalação de Sistemas Eletrônicos	  39 		Procedimentos de Montagem	13	 R$  -   	● Identificar os tipos de procedimentos técnicos de acordo com a infraestrutura do sistema eletrônico a ser instalado; ● Analisar as características ambientais para identificação de possíveis interferências que impactam no sistema eletrônico; ● Identificar as especificações técnicas dos insumos, dispositivos, Máquinas, equipamentos e ferramentas nos manuais e catálogos do fabricante de acordo com o sistema eletrônico.
CT 60x40	Eletrônica	Manutenção de Sistemas Eletrônicos	  40 		Instrumentos de Medição	14	 R$  -   	• Selecionar os dados e informações referentes à manutenção do sistema eletrônico para registros técnicos
CT 60x40	Eletrônica	Manutenção de Sistemas Eletrônicos	  40 		Ferramentas de Diagnóstico de Defeitos	13	 R$  -   	• Identificar os procedimentos técnicos de manutenção em sistema eletrônico em função do componente a ser reparado ou substituído
CT 60x40	Eletrônica	Manutenção de Sistemas Eletrônicos	  40 		Princípios da Manutenção	13	 R$  -   	●Identificar os critérios técnicos e de segurança aplicados à manutenção do sistema eletrônico a ser realizada com base em normas
CT 60x40	Eletrônica	Programação de Dispositivos Eletrônicos	  40 		Microcontroladores: Introdução e Aspectos Gerais	14	 R$  -   	● Identificar os tipos de dispositivos e suas características que demandam programação no projeto do sistema eletrônico
CT 60x40	Eletrônica	Programação de Dispositivos Eletrônicos	  40 		Programação de Microcontroladores	13	 R$  -   	● Identificar os tipos de dispositivos e suas características que demandam programação no projeto do sistema eletrônico
CT 60x40	Eletrônica	Programação de Dispositivos Eletrônicos	  40 		Circuitos de Aplicação para Microcontroladores	13	 R$  -   	● Identificar as informações técnicas sobre os periféricos do circuito eletrônico e suas características no projeto de sistemas eletrônicos
CT 60x40	Eletrônica	Redes de Comunicação e Sistemas Supervisórios	  20 		Sistemas Supervisórios	10	 R$  -   	● Identificar os dispositivos configuráveis conforme a necessidade do sistema eletrônico
CT 60x40	Eletrônica	Redes de Comunicação e Sistemas Supervisórios	  20 		Projeto de Sistemas Supervisórios	10	 R$  -   	● Identificar os dispositivos configuráveis conforme a necessidade do sistema eletrônico
CT 60x40	Eletrônica	Desenvolvimento de Interfaces de Softwares em Aplicativos	  20 		Metodologias de Desenvolvimento de Software	10	 R$  -   	• Aplicar metodologias ágeis de acompanhamento de projeto quanto aos prazos e entregas das etapas de desenvolvimento da interface de software • Estabelecer o tempo de execução das atividades de programação em bloco para elaboração do cronograma do serviço
CT 60x40	Eletrônica	Desenvolvimento de Interfaces de Softwares em Aplicativos	  20 		Autoempreeendedorismo	10	 R$  -   	• Aplicar metodologias ágeis de acompanhamento de projeto quanto aos prazos e entregas das etapas de desenvolvimento da interface de software • Estabelecer o tempo de execução das atividades de programação em bloco para elaboração do cronograma do serviço
CT 60x40	Modelagem do Vestuário	Gestão de Equipe de Trabalho	  76 		Gestão do Trabalho em Equipes	16	 R$  -   	● Utilizar os sistemas de registro de informações disponibilizados pela empresa, em conformidade com o tipo de registro a ser efetuado; ● Identificar nas normas regulamentadoras relativas à ergonomia, os requisitos aplicados aos postos de trabalho da linha de produção do vestuário para adequação dos mesmos a atividade desenvolvida, evitando esforços desnecessários; ● Interpretar as normas regulamentadoras relativas à ergonomia para orientação da equipe quanto ao cumprimento das mesmas no posto de trabalho; ● Utilizar técnicas de avaliação, sensibilização e liderança de equipes de trabalho em função dos aspectos da cultura organizacional da empresa; ● Identificar, por meio dos resultados das pesquisas de clima, ou resultados da produtividade, ou por reuniões com a equipe, fatores que podem afetar no clima organizacional; ● Utilizar as informações do balanceamento da produção para garantia de respeito ao limite de operações repetitivas em função da manutenção da produtividade dos colaboradores; ● Identificar quais são os indicadores de produtividade/eficiência estabelecidos para cada etapa de produção, parcial e final, do produto; ● Identificar, quando necessário e pelo uso de técnicas e tecnologias específicas, possíveis soluções para minimizar ou eliminar os desvios entre a produção planejada e a executada.
CT 60x40	Modelagem do Vestuário	Gestão de Equipe de Trabalho	  76 		Coordenação de Equipes e Postura Profissional	15	 R$  -   	● Proporcionar ambiente favorável e ou propício para participação da equipe com sugestões para melhoria contínua de processos e produtos. ● Identificar, na equipe, a pessoa com perfil adequado ao objetivo do treinamento em função de novos processos e ou novas tecnologias. ● Identificar, quando necessário e pelo uso de técnicas e tecnologias específicas, possíveis soluções para minimizar ou eliminar os desvios entre a produção planejada e a executada.
CT 60x40	Modelagem do Vestuário	Gestão de Equipe de Trabalho	  76 		Liderança e suas atribuições	15	 R$  -   	●  Aplicar técnicas de resolução de conflitos com membros da equipe em função da manutenção das boas relações interpessoais. ●  Proporcionar ambiente favorável e ou propício para participação da equipe com sugestões para melhoria contínua de processos e produtos.
CT 60x40	Modelagem do Vestuário	Gestão de Equipe de Trabalho	  76 		Avaliação de desempenho, treinamento e desenvolvimento de pessoas	15	 R$  -   	●  Utilizar os sistemas de registro de informações disponibilizados pela empresa, em conformidade com o tipo de registro a ser efetuado. ●  Utilizar técnicas de avaliação, sensibilização e liderança de equipes de trabalho em função dos aspectos da cultura organizacional da empresa. ●  Identificar, na equipe, a pessoa com perfil adequado ao objetivo do treinamento em função de novos processos e ou novas tecnologias. ●  Aplicar técnicas de treinamento em serviço, de acordo com os procedimentos da empresa, para capacitação de novos colaboradores.
CT 60x40	Modelagem do Vestuário	Gestão de Equipe de Trabalho	  76 		Ética e Diversidade no Trabalho	15	 R$  -   	● Utilizar os sistemas de registro de informações disponibilizados pela empresa, em conformidade com o tipo de registro a ser efetuado. ● Proporcionar ambiente favorável e ou propício para participação da equipe com sugestões para melhoria contínua de processos e produtos. ● Aplicar técnicas de resolução de conflitos com membros da equipe em função da manutenção das boas relações interpessoais.
CT 60x40	Modelagem do Vestuário	Qualidade Saúde Meio Ambiente e Segurança	  20 		Saúde e segurança no trabalho	10	 R$  -   	● Reconhecer tipos, características e utilização de EPIs aplicadas a cadeia produtiva do vestuário; ● Identificar nas normas técnicas e regulamentadoras os requisitos de saúde e segurança do trabalho e de sustentabilidade aplicados à cadeia produtiva do vestuário;
CT 60x40	Modelagem do Vestuário	Qualidade Saúde Meio Ambiente e Segurança	  20 		Meio Ambiente e Gestão da Qualidade	10	 R$  -   	● Reconhecer situações de risco à saúde, segurança e meio ambiente e as principais formas de proteção utilizadas na cadeia produtiva do vestuário.
CT 60x40	Modelagem do Vestuário	Gestão dos Processos de Modelagem do Vestuário e Inspeção da Qualidade	  120 		Diretrizes Empresariais	12	 R$  -   	● Demonstrar profissionalismo no exercício de suas responsabilidades e sintonia com as diretrizes institucionais estabelecidas.
CT 60x40	Modelagem do Vestuário	Gestão dos Processos de Modelagem do Vestuário e Inspeção da Qualidade	  120 		Fluxo operacional da produção do setor de modelagem	12	 R$  -   	● Identificar as informações necessárias que devem ser registradas referentes a liberação da modelagem e peça piloto para produção
CT 60x40	Modelagem do Vestuário	Gestão dos Processos de Modelagem do Vestuário e Inspeção da Qualidade	  120 		Gestão da Produção do Vestuário	12	 R$  -   	● Reconhecer o seu papel como gestor de equipes e processos de trabalho, dialogando com seus pares e os demais níveis hierárquicos.
CT 60x40	Química	Fundamentos de Química	  36 		Introdução à Química Orgânica	12	 R$  -   	● Identificar tipos de ligações químicas e interações intermoleculares para a realização de análises laboratoriais ● Identificar as funções orgânicas com base nos grupos funcionais para a realização de análises laboratoriais
CT 60x40	Química	Fundamentos de Química	  36 		Funções Orgânicas	12	 R$  -   	● Identificar as funções orgânicas com base nos grupos funcionais para a realização de análises laboratoriais
CT 60x40	Química	Fundamentos de Química	  36 		Isomeria e Reações Orgânicas	12	 R$  -   	● Identificar os tipos de reações químicas para a realização de análises laboratoriais
CT 60x40	Química	Fundamentos de Microbiologia	  20 		Fundamentos de Biologia e Microbiologia Voltados à Identificação de Microrganismos	20	 R$  -   	● Identificar principais grupos de microrganismo para a realização de análises microbiológicas
CT 60x40	Química	Fundamentos das Técnicas Laboratoriais	  12 		Preparo do Laboratório para a Realização de Técnicas Laboratoriais	12	 R$  -   	• Reconhecer os fundamentos de qualidade, saúde, segurança e meio ambiente • Identificar os Equipamentos de Proteção Individual (EPI) e Equipamentos de Proteção Coletiva (EPC) inerentes aos riscos • Reconhecer as normas técnicas de acordo com as suas respectivas legislações
CT 60x40	Química	Fundamentos de Processos Químicos Industriais	  24 		Conceitos Sobre o Processamento Químico Industrial	12	 R$  -   	• Reconhecer os diferentes tipos de fluxograma dos processos químicos industriais. • Reconhecer os parâmetros e variáveis dos processos químicos industriais
CT 60x40	Química	Fundamentos de Processos Químicos Industriais	  24 		Boas Práticas de Fabricação na Indústria Química	12	 R$  -   	• Interpretar normas, textos técnicos e Procedimentos Operacionais Padrão (POP) aplicáveis aos processos químicos industriais • Identificar os princípios de funcionamento de máquinas e equipamentos nos processos químicos industriais
CT 60x40	Química	Análises Instrumentais	  36 		A amostragem na Análise Instrumental	12	 R$  -   	• Identificar os procedimentos operacionais pertinentes a realização das atividades
CT 60x40	Química	Análises Instrumentais	  36 		Métodos de Análises Instrumentais	12	 R$  -   	• Selecionar os materiais necessários com a metodologia de amostragem e análises instrumentais para a realização da amostragem e análises instrumentais
CT 60x40	Química	Análises Instrumentais	  36 		Apresentação de Resultados das Análises Instrumentais	12	 R$  -   	• Interpretar os resultados de acordo com a confiabilidade, rastreabilidade e qualidade das informações definidas • Especificar os resultados das análises laboratoriais de acordo com os procedimentos operacionais padrão (pop) • Analisar a repetibilidade e reprodutibilidade e dos resultados analíticos
CT 60x40	Química	Controle dos Processos Industriais e Laboratoriais	  72 		Planejamento e Controle da Produção Química	15	 R$  -   	• Avaliar custos, infraestrutura, disponibilidade de matéria prima e insumos para desenvolvimento de métodos analíticos, produtos e/ou processos industriais e laboratoriais • Interpretar o planejamento e controle da produção (PCP) para a avalição dos parâmetros • Identificar o fluxo operacional do processo industrial e laboratorial para o planejamento da produção
CT 60x40	Química	Controle dos Processos Industriais e Laboratoriais	  72 		Ferramentas da Qualidade Aplicadas ao Monitoramento da Produção Química	14	 R$  -   	• Avaliar as oportunidades de melhoria identificadas nos processos industriais e laboratoriais • Analisar os parâmetros de controle e qualidade dos processos industriais e laboratoriais • Identificar os parâmetros de controle dos processos industriais e laboratoriais identificar os pontos críticos de controle nos processos
CT 60x40	Química	Controle dos Processos Industriais e Laboratoriais	  72 		Destinação dos resíduos do processo químico e laboratorial	14	 R$  -   	• Identificar legislação, procedimentos e normas técnicas ambientais de destinação e tratamento de resíduos sólidos, líquidos e atmosféricos nos processos industriais e laboratoriais
CT 60x40	Química	Controle dos Processos Industriais e Laboratoriais	  72 		Sistemas de Gestão da Qualidade e Ambiental	14	 R$  -   	• Identificar novas tecnologias ambientais no controle dos processos industriais e laboratoriais • Identificar o plano de contingência/ emergência para a saúde e segurança do trabalhador e preservação do meio ambiente
CT 60x40	Química	Controle dos Processos Industriais e Laboratoriais	  72 		Organização do Trabalho Para o Processamento Químico	15	 R$  -   	• Identificar os parâmetros de controle dos processos industriais e laboratoriais identificar os pontos críticos de controle nos processos industriais e laboratoriais • Identificar os procedimentos operacionais pertinentes à realização das atividades • Identificar situações de risco para a saúde e segurança do trabalhador durante a execução das atividades da produção
CT 60x40	Química	Análises Microbiológicas	  36 		Preparação de Amostras e Meios para Análise Microbiológica	12	 R$  -   	• Identificar os procedimentos operacionais pertinentes à realização das atividades
CT 60x40	Química	Análises Microbiológicas	  36 		Técnicas de Assepsia em Procedimentos Microbiológicos	12	 R$  -   	• Especificar as informações técnicas sobre a amostra na rotulagem e nos sistemas de registro de acordo com os procedimentos de amostragem
CT 60x40	Química	Análises Microbiológicas	  36 		Tipos de Análises Microbiológicas	12	 R$  -   	• Identificar o fluxograma de amostragem para análises microbiológicas
CT 60x40	Química	Química Analítica	  36 		Métodos de Análises Qualitativas	12	 R$  -   	• Aplicar os métodos de análises de acordo com os procedimentos e tipos de analitos
CT 60x40	Química	Química Analítica	  36 		Métodos de Análises Quantitativas	12	 R$  -   	• Aplicar boas práticas laborátoriais para a realização da amostragem e análise
CT 60x40	Química	Química Analítica	  36 		Soluções Químicas	12	 R$  -   	• Identificar os métodos de análise de acordo com o tipo de amostra •Aplicar os princípios, padrões e normas da linguagem culta na comunicação oral e na elaboração de diferentes tipos de textos técnicos
CT 60x40	Química	Linguagem e Comunicação	  40 		A linguagem e a comunicação do técnico em química	20	 R$  -   	• Interpretar informações, instruções e documentação técnica Aplicar os princípios, padrões e normas da linguagem culta na comunicação oral e na elaboração de diferentes tipos de textos técnicos
CT 60x40	Química	Linguagem e Comunicação	  40 		Pesquisas de Fontes Confiáveis: Como Trabalhar com as Informações	20	 R$  -   	• Interpretar dados e informações de textos técnicos relacionados às atividades do Técnico em Química
CT 60x40	Química	Gestão de Pessoas	  40 		Organização e Planejamento do Trabalho	14	 R$  -   	● Dimensionar as equipes considerando as necessidades das demandas planejadas.
CT 60x40	Química	Gestão de Pessoas	  40 		Liderança e Trabalho em Equipe	13	 R$  -   	●Identificar possíveis situações de conflitos e barreiras na equipe. ●Identificar habilidades da equipe de acordo com as demandas planejadas.
CT 60x40	Química	Gestão de Pessoas	  40 		Motivação e Capacitação de Profissionais da Indústria	13	 R$  -   	● Avaliar o desempenho do técnico em química para os atendimentos dos requisitos técnicos estabelecidos para as diferentes etapas do processo.
CT 60x40	Têxtil	Coordenação de Equipes 	  40 		Planejamento Estratégico do Negócio	14	 R$  -   	● Identificar no Plano de Manutenção as necessidades de paradas na linha de produção para orientar a equipe de trabalho. ●Identificar etapas dos Planos de Produção, de Controle de Qualidade e de Manutenção para orientação das equipes quanto ao desenvolvimento das atividades. ● Reconhecer as diretrizes da empresa a fim de orientar as equipes de trabalho quanto ao desenvolvimento de suas atividades.
CT 60x40	Têxtil	Coordenação de Equipes 	  40 		Avaliação de desempenho, treinamento e desenvolvimento de pessoas	13	 R$  -   	● Identificar as atribuições técnicas das ocupações existentes no respectivo setor da empresa, a fim de avaliar o cumprimento dos procedimentos pelos colaboradores. ● Reconhecer as diretrizes da empresa a fim de avaliar o desempenho das equipes de trabalho. ● Reconhecer as competências dos colaboradores da equipe para recomendar capacitação.  ● Reconhecer os perfis técnicos da ocupação profissional referente aos processos produtivos têxteis para identificar necessidades de capacitação dos profissionais.
CT 60x40	Têxtil	Coordenação de Equipes 	  40 		Perfil de Liderança Eficaz	13	 R$  -   	● Reconhecer as diretrizes da empresa a fim de avaliar o desempenho das equipes de trabalho. ● Reconhecer normas de sustentabilidade, saúde e segurança do trabalho para orientar equipes de trabalho. ● Reconhecer as competências dos colaboradores da equipe para recomendar capacitação. ● Reconhecer as diretrizes da empresa a fim de orientar as equipes de trabalho quanto ao desenvolvimento de suas atividades.
CT 60x40	Têxtil	Fundamentos da Tecnologia da Tecelagem	  14 		Fundamentos da Tecelagem	14	 R$  -   	● Reconhecer os fundamentos tecnológicos dos processos de tecelagem para elaborar o plano de produção.  ● Interpretar organogramas e fluxogramas para avaliar os processos produtivos têxteis. 
CT 60x40	Têxtil	Processos de Tecelagem	  20 		Tendências na Indústria Têxtil	10	 R$  -   	● Analisar características de materiais, produtos e processos para desenvolvimento de novas alternativas com base em demandas de mercado. 
CT 60x40	Têxtil	Processos de Tecelagem	  20 		Avanços nos Processos de Tecelagem	10	 R$  -   	● Identificar disponibilidade de matérias primas, maquinas e equipamentos em potenciais fornecedores para busca de alternativas de materiais, produtos e processos têxteis.
CT 60x40	Têxtil	Fundamentos da Tecnologia de Fiação	  14 		Fundamentos da Fiação	14	 R$  -   	● Reconhecer os fundamentos tecnológicos dos processos de fiação para elaborar o plano de produção. ● Interpretar organogramas e fluxogramas para operacionalização dos planos de produção, de manutenção e de controle da qualidade. ● Interpretar fluxogramas e organogramas para elaboração dos planos de produção, de manutenção e de controle da qualidade. ● Interpretar organogramas e fluxogramas para avaliar os processos produtivos têxteis. ● Interpretar organogramas e fluxogramas na pesquisa de alternativas de materiais, produtos e processos têxteis. ● Interpretar organogramas e fluxogramas para projetar novos produtos e processos têxteis.
CT 60x40	Têxtil	Planejamento e Controle dos processos têxteis	  24 		Planejamento e Controle da Produção	12	 R$  -   	● Identificar as necessidades de paradas na linha de produção para calcular a capacidade efetiva. ● Identificar os recursos necessários para atender a programação da produção. ● Identificar a capacidade produtiva instalada da linha de produção para adequar a programação prevista.  ● Elaborar o plano de produção, utilizando procedimento adotado pela empresa para fins de registros. ● Identificar a capacidade produtiva da planta conforme o fluxo do processo produtivo para elaborar o plano de produção.
CT 60x40	Têxtil	Planejamento e Controle dos processos têxteis	  24 		PCP na Indústria Têxtil	12	 R$  -   	● Identificar as normas técnicas e parâmetros de qualidade do produto têxtil para elaborar o plano de controle da qualidade.  ● Identificar critérios e pontos de controle da qualidade no processo produtivo têxtil para elaborar o plano de controle da qualidade. ● Identificar as normas técnicas e padrões da empresa relacionadas à qualidade da matéria prima têxtil para elaborar o plano de controle da qualidade.  ● Identificar critérios e pontos de controle da qualidade no processo produtivo têxtil para elaborar o plano de controle da qualidade.  ● Analisar as necessidades de recursos tecnológicos no processo de manutenção para preparar a implantação do plano de manutenção.
CT 60x40	Têxtil	Fundamentos da Tecnologia de Malharia	  14 		Processos de Obtenção de Malhas	14	 R$  -   	● Reconhecer os fundamentos tecnológicos dos processos de malharia e para elaborar o plano de produção. ● Reconhecer os fundamentos tecnológicos dos processos de malharia para elaborar o Plano de Controle da Qualidade. ● Interpretar organogramas e fluxogramas para operacionalização dos planos de produção, de manutenção e de controle da qualidade. ● Interpretar fluxogramas e organogramas para elaboração dos planos de produção, de manutenção e de controle da qualidade.
CT 60x40	Têxtil	Processos de Malharia	  20 		Processo de Malharia I	10	 R$  -   	● Analisar o processo produtivo no setor de malharia para identificar oportunidades de melhorias técnicas. ● Analisar características de materiais, produtos e processos para desenvolvimento de novas alternativas com base em demandas de mercado.
CT 60x40	Têxtil	Processos de Malharia	  20 		Processo de Malharia II	10	 R$  -   	● Identificar métodos e técnicas de análise e apresentação de resultados para proposição de alternativas de materiais, produtos e ou processos têxteis.  ● Identificar possibilidades de uso de novas tecnologias para aprimoramento de produtos e ou processos têxteis.
CT 60x40	Têxtil	Fundamentos da Tecnologia de Beneficiamento	  14 		Tipos de Beneficiamento	14	 R$  -   	● Reconhecer caraterísticas biofísico-químicas de produtos têxteis para classificá-los no Plano de Controle da Qualidade.  ● Reconhecer os fundamentos tecnológicos dos processos de beneficiamento para elaborar o plano de produção.  ● Reconhecer caraterísticas biofísico-químicas de produtos têxteis para classificá-los no Plano de Produção.  ● Interpretar organogramas e fluxogramas para avaliar os processos produtivos têxteis.
CT 60x40	Têxtil	Processo de Beneficiamento	  20 		Processo de Beneficiamento I	10	 R$  -   	● Interpretar dados da ficha técnica para implementar novos produtos no setor de beneficiamento. ● Identificar fluxo produtivo do setor de beneficiamento para implementar novos processos produtivos têxteis.
CT 60x40	Têxtil	Processo de Beneficiamento	  20 		Processo de Beneficiamento II	10	 R$  -   	● Analisar características de materiais, produtos e processos para desenvolvimento de novas alternativas com base em demandas de mercado.  ● Identificar possibilidades de uso de novas tecnologias para aprimoramento de produtos e ou processos têxteis.
CT 60x40	Têxtil	Controle de Qualidade Têxtil	  30 		Controle de Qualidade Têxtil	15	 R$  -   	● Identificar normas técnicas e procedimentos laboratoriais para realização de ensaios e testes no setores de tecelagem, malharia, fiação e beneficiamento.
FIC DIGITAL	Alimentos e bebidas	Higiene Aplicada ao Manipulador de Alimentos	20	 R$  65,00 	Higiene do Manipulador de Alimentos	10	 R$  32,50 	• Reconhecer os conceitos sobre a higiene pessoal do manipulador de alimentos e a correta maneira de trabalhar de forma higiênica. • Identificar aspectos de manuseamento dos alimentos que levam as boas práticas de fabricação de alimentos. • Distinguir os tipos de contaminantes na produção de alimentos. • Diferenciar os tipos de doenças transmitidas por alimentos.
FIC DIGITAL	Alimentos e bebidas	Higiene Aplicada ao Manipulador de Alimentos	20	 R$  65,00 	Higiene no Local de Trabalho	10	 R$  32,50 	• Reconhecer as práticas consideradas para manter o ambiente de trabalho limpo e higienizado. • Identificar aspectos sobre a higiene de superfícies.
FIC DIGITAL	Alimentos e bebidas	Higiene do Alimento: Microbiologia de Alimentos	20	 R$  65,00 	Contaminação de Alimentos e Controle de Microrganismos na Indústria de Alimentos	10	 R$  32,50 	• Reconhecer o uso das tecnologias existentes para prevenir e eliminar possíveis contaminações microbiológicas dos alimentos. • Distinguir as diferentes formas de preservação dos alimentos para evitar contaminação microbiológica.
FIC DIGITAL	Alimentos e bebidas	Higiene do Alimento: Microbiologia de Alimentos	20	 R$  65,00 	Microbiologia na Indústria de Alimentos	10	 R$  32,50 	• Evitar contaminação microbiológica de alimentos. • Identificar aspectos relacionados à produção de alimentos seguros.
FIC DIGITAL	Educação	Docente Digital	20	 R$  65,00 	Aplicativos para Aulas Online	10	 R$  32,50 	• Conhecer e diferenciar a utilização de cada ferramenta e suas aplicações. • Selecionar as ferramentas digitais que podem ser aplicadas ao planejamento de aulas on-line. • Planejar aulas para o modelo on-line.
FIC DIGITAL	Educação	Docente Digital	20	 R$  65,00 	Vídeo-Aulas Interativas	10	 R$  32,50 	• Construir ambientes e cenários de acordo com a narrativa. • Criar conteúdo para vídeo aulas. • Formatar e publicar vídeo aulas.
FIC DIGITAL	Eletroeletrônica	Prototipagem: Impressão 3D	30	 R$  299,70 	Introdução à impressão 3D	10	 R$  99,90 	• Reconhecer os conceitos relacionados a prototipagem e impressão 3D. • Identificar as oportunidades proporcionadas pela tecnologia de impressão 3D na indústria.
FIC DIGITAL	Eletroeletrônica	Prototipagem: Impressão 3D	30	 R$  299,70 	Modelo Geométrico e Principais Parâmetros da Impressão 3D	10	 R$  99,90 	• Reconhecer o modelo geométrico utilizado em impressoras 3D. • Distinguir os principais parâmetros associados à impressão 3D.
FIC DIGITAL	Eletroeletrônica	Prototipagem: Impressão 3D	30	 R$  299,70 	Tipos de Impressão 3D	10	 R$  99,90 	• Reconhecer os conceitos fundamentais relacionados aos principais tipos de impressão 3D. • Diferenciar as características de cada tipo de impressão 3D.
FIC DIGITAL	Gestão	7 Ferramentas da Qualidade	40	 R$  360,00 	Carta de Controle e Diagrama de Dispersão	10	 R$  90,00 	• Reconhecer as ferramentas de gestão de qualidade Carta de controle e Diagrama de Dispersão, suas características, funções e requisitos de uso. • Criar uma carta de controle para analisar os dados de forma a encontrar soluções de gestão da qualidade. • Desenhar um Diagrama de dispersão, com ou sem auxílio de softwares, e compreender as correlações que dele resultam.
FIC DIGITAL	Gestão	7 Ferramentas da Qualidade	40	 R$  360,00 	Fluxograma e Diagrama de Ishikawa	10	 R$  90,00 	• Reconhecer um fluxograma (bem como os símbolos envolvidos no mesmo) e um diagrama de Ishikawa, suas características, funções e requisitos de uso. • Aplicar o fluxograma e o diagrama de Ishikawa, de acordo com o tipo e as especificidades técnicas, para resolução de questões de gestão. • Criar o fluxograma e o diagrama de Ishikawa a partir de problemas encontrados no trabalho de gestão industrial.
FIC DIGITAL	Gestão	7 Ferramentas da Qualidade	40	 R$  360,00 	Folha de Verificação e Diagrama de Pareto	10	 R$  90,00 	• Reconhecer as ferramentas Folha de verificação e Diagrama de Pareto, suas características, funções e requisitos de uso. • Aplicar Folha de verificação e Diagrama de Pareto, de acordo com a especificidade técnica desejada, para resolução de problemas. • Analisar dados a partir da Folha de Verificação e do Diagrama de Pareto, de forma a encontrar soluções de gestão da qualidade.
FIC DIGITAL	Gestão	7 Ferramentas da Qualidade	40	 R$  360,00 	Histograma e Ferramentas Bônus	10	 R$  90,00 	• Reconhecer as ferramentas de gestão de qualidade Histograma, Ciclo PDCA, 5S, Matriz GUT e POP, as características, funções e requisitos de uso de cada ferramenta. • Criar um Histograma a partir de problemas encontrados no trabalho de gestão industrial e analisar seus dados de forma a encontrar soluções de gestão de qualidade. • Compreender as informações de cada etapa da elaboração de um Histograma e as correlações que delas resultam.
FIC DIGITAL	Gestão	Comunicação Inteligente Para Negócios	20	 R$  90,00 	Boas Práticas da Escrita Digital	10	 R$  45,00 	• Identificar aspectos para o desenvolvimento da comunicação escrita digital efetiva. • Diferenciar os contextos da comunicação com base nos perfis comportamentais das pessoas e ao cargo que elas ocupam. • Identificar elementos que podem gerar ruídos na comunicação.
FIC DIGITAL	Gestão	Comunicação Inteligente Para Negócios	20	 R$  90,00 	Comunicação Efetiva para Liderar Equipes	10	 R$  45,00 	• Reconhecer os elementos da comunicação oral relacionados às habilidades interpessoais; • Identificar diferentes tipos de habilidades que podem ser desenvolvidas na comunicação interpessoal.
FIC DIGITAL	Gestão	Design Thinking	20	 R$  215,00 	Conhecendo o Desing Thinking	10	 R$  107,50 	• Conhecer o Design Thinking como modelo inovador de aplicação nas organizações para a soluções de problemas.
FIC DIGITAL	Gestão	Design Thinking	20	 R$  215,00 	Técnicas e Ferramentas do Design Thinking	10	 R$  107,50 	• Aprender as diferentes técnicas e ferramentas utilizadas no Design Thinking para aplicar nas fases  do modelo mental do Design Thinking.
FIC DIGITAL	Gestão	Educação Financeira para Empreendedores	20	 R$  90,00 	Finanças nos Negócios	10	 R$  45,00 	• Reconhecer a diferença de pessoa física e jurídica bem como a diferença entre faturamento, lucro e prejuízo. • Identificar os tipos e as formas de utilização do orçamento empresarial, fluxo de caixa e os investimentos destinados as empresa.
FIC DIGITAL	Gestão	Educação Financeira para Empreendedores	30	 R$  90,00 	Finanças Pessoais	10	 R$  30,00 	• Reconhecer a importância do uso do planejamento das finanças pessoais, relacionando a diferença entre consumo e consumismo e a diferença entre receitas e despesas a partir do desenvolvimento de um orçamento pessoal e familiar. • Reconhecer os diferentes perfis de investidor e os tipos de investimentos pessoais.
FIC DIGITAL	Gestão	Excel Avançado	30	 R$  105,00 	Dinâmicas Avançadas no Excel	10	 R$  35,00 	• Reconhecer a criação de cenário; • Reconhecer o que é banco de dados; • Identificar elementos para criar a tabela dinâmica e o gráfico dinâmico; • Empregar a ferramenta atingir meta; • Reconhecer a criação de formulário completo; • Reconhecer a criação de macros; • Identificar como proteger células com senha.
FIC DIGITAL	Gestão	Excel Avançado	30	 R$  105,00 	Funções Avançadas do Excel	10	 R$  35,00 	• Aplicar funções padrões do Excel; • Aplicar funções de Matemática financeira; • Procurar dados com uma função de procura; • Realizar a contagem de células específicas; • Aplicar congelamento de painéis para melhor visualização dos dados na sua tabela.
FIC DIGITAL	Gestão	Excel Avançado	30	 R$  105,00 	Funções do Excel	10	 R$  35,00 	• Conhecer sobre personalização de células; • Definir nomes de células e intervalos; • Reconhecer o funcionamento do rastreio de precedentes e dependentes; • Verificar erros nas fórmulas ou funções; • Aplicar o filtro avançado; • Aplicar validação de dados nas células.
FIC DIGITAL	Gestão	Excel Básico	30	 R$  90,00 	Conhecendo o Excel	10	 R$  30,00 	• Editar dados no Excel; • Formatar dados no Excel; • Reconhecer a diferença entre função e fórmula; • Aprender a Inserir Linhas e Colunas; • Conhecer o Preenchimento Automático.
FIC DIGITAL	Gestão	Excel Básico	30	 R$  90,00 	Formatação	10	 R$  30,00 	• Formatar números; • Aprender sobre fórmulas Matemáticas; • Conhecer os Operadores aritméticos; • Aprender Cabeçalho e Rodapé.
FIC DIGITAL	Gestão	Excel Básico	30	 R$  90,00 	Funções e Operadores Lógicos	10	 R$  30,00 	• Aprender sobre funções; • Conhecer os Operadores lógicos.
FIC DIGITAL	Gestão	Excel Intermediário	30	 R$  97,00 	Aplicação de Funções Avançadas	10	 R$  32,33 	• Conhecer sobre funções; • Aprender aplicação de funções.
FIC DIGITAL	Gestão	Excel Intermediário	30	 R$  97,00 	Aplicação de Funções Estatística e Validação de Dados	10	 R$  32,33 	• Aprender sobre funções Estatística; • Compreender validação de dados; • Entender a Classificar e Filtrar dados.
FIC DIGITAL	Gestão	Excel Intermediário	30	 R$  97,00 	Aplicação de Funções Lógicas e Funções Se	10	 R$  32,33 	• Aprender sobre funções; • Conhecer os Operadores lógicos.
FIC DIGITAL	Gestão	Ferramentas Digitais de Gestão	20	 R$  65,00 	Ferramentas Digitais	10	 R$  32,50 	• Reconhecer a importância do mindset digital. • Reconhecer os conceitos a partir de exemplos do uso das ferramentas digitais relacionadas à otimização da rotina de trabalho, à inovação e melhorias de processos organizacionais, e acompanhamento e monitoramento da produção.
FIC DIGITAL	Gestão	Ferramentas Digitais de Gestão	20	 R$  65,00 	Gestão Digital	10	 R$  32,50 	• Reconhecer a importância do desenvolvimento da mentalidade digital. • Reconhecer  os conceitos a partir de exemplos do uso das ferramentas digitais relacionadas à otimização de projetos, atividades colaborativas e análise de resultados.
FIC DIGITAL	Gestão	Ferramentas Google	20	 R$  65,00 	Ferramentas de Compartilhamento de Arquivos e Edição de Texto	10	 R$  32,50 	• Organizar e compartilhar arquivos utilizando o Google Drive; • Elaborar e editar textos colaborativamente utilizando a ferramenta Documentos do Google.
FIC DIGITAL	Gestão	Ferramentas Google	20	 R$  65,00 	Ferramentas de Comunicação e Organização	10	 R$  32,50 	• Comunicar-se virtualmente com as ferramentas do Google; • Organizar atividades do dia a dia nas ferramentas do Google.
FIC DIGITAL	Gestão	Gestão da Manutenção	30	 R$  299,10 	Gestão da Manutenção Industrial	10	 R$  99,70 	• Correlacionar, para fins de levantamento de dados técnicos, as características dos equipamentos/dispositivos aplicados os padrões estabelecidos pelo fabricante, tendo em vista a elaboração do plano de manutenção; • Organizar, em documentação específica, os dados técnicos relativos a máquinas e equipamentos, tendo em vista a elaboração do plano de manutenção. • Selecionar os dados técnicos relevantes dos equipamentos/dispositivos a serem cadastrados no sistema de gerenciamento da manutenção, tendo em vista a elaboração do plano de manutenção; • Interpretar, para fins de seleção dos procedimentos de análise de falhas, o histórico de operação e manutenção do equipamento/dispositivo, tendo em vista a elaboração do plano de manutenção; • Determinar os itens considerados críticos, tendo em vista a composição de estoque e a elaboração do plano de manutenção; • Especificar as características técnicas dos itens críticos, tendo em vista a composição de estoque e a elaboração do plano de manutenção.
FIC DIGITAL	Gestão	Gestão da Manutenção	30	 R$  299,10 	Indicadores da Manutenção Industrial	10	 R$  99,70 	• Analisar e interpretar, pela utilização de ferramentas e metodologias específicas, os indicadores de manutenção de máquinas e equipamentos; • Analisar os parâmetros do fabricante e as condições de uso da máquina/equipamento em questão que impactam ou determinam a sua vida útil; • Avaliar o potencial e a severidade de danos ou anomalias identificadas no funcionamento de máquinas e equipamentos; • Selecionar os dados e informações referentes à manutenção realizada a serem considerados na elaboração do Memorial Descritivo, Histórico de manutenção, Relatório; • Interpretar as informações fornecidas pelos operadores e/ou clientes sobre as condições de funcionamento das máquinas ou equipamentos.
FIC DIGITAL	Gestão	Gestão da Manutenção	30	 R$  299,10 	Introdução à Manutenção Industrial	10	 R$  99,70 	• Diferenciar, para fins de especificação, as técnicas de manutenção aplicáveis em máquinas e equipamentos industriais, tendo em vista a elaboração do plano de manutenção; • Selecionar, dentre os diferentes tipos de manutenção passíveis de realização em máquinas e equipamentos industriais, a que melhor atende as necessidades de manutenção em questão; • Analisar, à luz do custo-benefício, as modalidades de manutenção para cada criticidade de máquinas e equipamentos; • Determinar o tempo de execução e/ou a periodicidade das ações de manutenção de máquinas e equipamentos, tendo em vista a elaboração do plano de manutenção.
FIC DIGITAL	Gestão	Gestão de Equipes	30	 R$  90,00 	Desenvolvendo Equipes	10	 R$  30,00 	• Identificar atividades no contexto da comunicação organizacional para a promoção de habilidades comportamentais de equipes. • Identificar os diferentes tipos de indicadores de desempenho. • Diferenciar os conceitos de cultura e clima organizacional.
FIC DIGITAL	Gestão	Gestão de Equipes	30	 R$  90,00 	Liderança na Gestão de Conflitos	10	 R$  30,00 	• Identificar os elementos relacionados à comunicação estratégica nas organizações. • Identificar as etapas que fazem parte de um processo de tomada de decisão. • Diferenciar os estilos de negociação. • Identificar as características da existência de conflitos nas organizações para um bom desempenho na gestão de conflitos.
FIC DIGITAL	Gestão	Gestão de Equipes	30	 R$  90,00 	Liderando Equipes	10	 R$  30,00 	• Identificar aspectos das atribuições do líder na organização e rotina de trabalho. • Identificar aspectos das atribuições do líder na promoção da Qualidade de Vida no trabalho. • Diferenciar as teorias de liderança: traços, comportamentais e contingenciais. • Reconhecer os estilos de lideranças: autocrática, democrática, liberal e coaching.
FIC DIGITAL	Gestão	Gestão de Projetos	30	 R$  90,00 	Ferramentas de Gestão de Projetos	10	 R$  30,00 	• Compreender que a Gestão de Projetos pode ser aplicada na abertura de uma empresa; • Identificar as partes interessadas na gestão de projetos; • Saber, conhecer e aplicar os Métodos de gestão estratégica na Gestão de projetos; • Compreender o conceito de estratégia.
FIC DIGITAL	Gestão	Gestão de Projetos	30	 R$  90,00 	Gestão de projetos, Conceitos e Etapas	10	 R$  30,00 	• Reconhecer e compreender os benefícios do gerenciamento de projetos; • Entender o conceito de projeto e de gestão de projetos; • Identificar a tríplice restrição na Gestão de Projetos; • Reconhecer o que é e o que não é um projeto; • Analisar de forma crítica as etapas e o ciclo de vida dos projetos; • Saber, conhecer e aplicar os fatores de sucesso e fracasso de uma Gestão de Projetos.
FIC DIGITAL	Gestão	Gestão de Projetos	30	 R$  90,00 	O Ciclo de Vida da Gestão de Projetos	10	 R$  30,00 	• Reconhecer e diferenciar as quatro fases do ciclo de vida de um projeto; • Identificar e reconhecer uma ideia brilhante; • Conhecer algumas técnicas de coleta de dados; • Entender o conceito de termo de abertura de um projeto e escopo de um projeto; • Saber, conhecer e aplicar os fatores essenciais nos objetivos do Escopo de um projeto: específico, mensurável, alcançável, relevante, temporal; • Identificar e reconhecer uma EAP - Estrutura Analítica do Projeto; • Criar um cronograma de um projeto; • Analisar o mapa de risco de um projeto; • Identificar e reconhecer o monitoramento de um projeto; • Saber, conhecer e aplicar a ferramenta BSC.
FIC DIGITAL	Gestão	Gestão do Tempo e Produtividade	20	 R$  90,00 	Ferramentas de Gestão do Tempo e Produtividade	10	 R$  45,00 	• Identificar a aplicabilidade das ferramentas de gestão da produtividade a partir da definição dos objetivos SMART e da identificação dos elementos do ciclo PDCA. • Identificar a aplicabilidade das ferramentas de gestão do tempo a partir da identificação dos elementos da matriz do tempo e dos benefícios de uso da técnica pomodoro.
FIC DIGITAL	Gestão	Gestão do Tempo e Produtividade	20	 R$  90,00 	Gerenciando o Tempo	10	 R$  45,00 	• Identificar a importância do equilíbrio da vida pessoal e profissional • Diferenciar os aspectos relacionados à gestão do tempo.
FIC DIGITAL	Gestão	Interpretando Indicadores de Gestão	30	 R$  90,00 	Indicadores de Produtividades	10	 R$  30,00 	• Reconhecer a importância da gestão da produção a partir dos conceitos relacionados às ferramentas de controle de qualidade e produção para a maximização do processo produtivo. • Reconhecer os diferentes indicadores de produção e qual sua importância e aplicação nas indústrias.
FIC DIGITAL	Gestão	Interpretando Indicadores de Gestão	30	 R$  90,00 	Indicadores Financeiros	10	 R$  30,00 	• Distinguir os conceitos sobre indicadores financeiros e as principais características dos Key Performance Indicators (KPIs). • Reconhecer os tipos de indicadores financeiros utilizados em medidas de lucratividade e ponto de equilibrio entre despesas e receitas.
FIC DIGITAL	Gestão	Interpretando Indicadores de Gestão	30	 R$  90,00 	Métricas para o Planejamento Financeiro	10	 R$  30,00 	• Identificar os princípios do planejamento financeiro e as possibilidades de ações de correções prévias de eventuais problemas. • Reconhecer os tipos de indicadores financeiros utilizados em medidas de endividamento e os conceitos sobre os ciclos operacionais e financeiros das empresas e de retorno sobre o investimento.
FIC DIGITAL	Gestão	Manufatura Enxuta	40	 R$  360,00 	Ferramentas Lean	10	 R$  90,00 	• Compreender como a metodologia do lean manufacturing pode ajudar a eliminar e reduzir desperdícios; • Entender a cultura lean como aliada para um processo produtivo otimizado.
FIC DIGITAL	Gestão	Manufatura Enxuta	40	 R$  360,00 	Gestão de Desempenho	10	 R$  90,00 	• Conhecer o conceito de gestão de desempenho e como ele se diferencia da avaliação de desempenho; • Entender os desafios que podem ser encontrados ao adotar essa forma de gestão.
FIC DIGITAL	Gestão	Manufatura Enxuta	40	 R$  360,00 	Indicadores de Desempenho	10	 R$  90,00 	• Compreender os objetivos dos indicadores de desempenho; • Entender as diferenças entre os indicadores de desempenho; • Reconhecer como aplicar os indicadores de desempenho.
FIC DIGITAL	Gestão	Manufatura Enxuta	40	 R$  360,00 	Melhorando o Desempenho e Reduzindo Desperdícios	10	 R$  90,00 	• Identificar os principais desperdícios de produção; • Entender como os desperdícios impactam no desenvolvimento das atividades e, de forma direta e/ou indireta, aumentam os custos produtivos.
FIC DIGITAL	Gestão	Marketing Digital	40	 R$  110,00 	Conceitos e Estratégias do Marketing Digital	10	 R$  27,50 	• Compreender conceitos e definições do Marketing Digital; • Entender as estratégias do Marketing Digital e suas abordagens; • Reconhecer as estratégias do Marketing Digital para aplicá-las nas suas práticas profissionais.
FIC DIGITAL	Gestão	Marketing Digital	40	 R$  110,00 	Jornada do Cliente	10	 R$  27,50 	• Compreender conceitos e definições sobre o cliente; • Entender as etapas da jornada do cliente; • Conhecer o mapa da jornada do cliente para aplicá-lo nas práticas profissionais.
FIC DIGITAL	Gestão	Marketing Digital	40	 R$  110,00 	Mídias Digitais	10	 R$  27,50 	• Compreender conceitos das Mídias; • Entender a importância do monitoramento para o planejamento estratégico do marketing digital; • Reconhecer as métricas que direcionam as informações que alimentam as estratégias do Marketing Digital.
FIC DIGITAL	Gestão	Marketing Digital	40	 R$  110,00 	Planejamento Estratégico no Marketing Digital	10	 R$  27,50 	• Compreender os conceitos fundamentais do planejamento estratégico; • Entender o planejamento estratégico aplicado ao Marketing Digital; • Reconhecer as etapas e ferramentas para desenvolvimento e implementação do planejamento estratégico de Marketing Digital.
FIC DIGITAL	Gestão	Planejamento e Controle da Produção	40	 R$  198,00 	Etapas do PPCP	10	 R$  49,50 	• Reconhecer as etapas da área de PPCP; • Analisar como o sequenciamento das etapas influencia a estratégia produtiva; • Compreender como as entregas de cada etapa influenciam o processo produtivo.
FIC DIGITAL	Gestão	Planejamento e Controle da Produção	40	 R$  198,00 	Introdução ao PPCP	10	 R$  49,50 	• Entender a importância e como funciona o PPCP; • Identificar o fluxo do PPCP; • Compreender como estruturar o PPCP.
FIC DIGITAL	Gestão	Planejamento e Controle da Produção	40	 R$  198,00 	Melhoria contínua no PPCP	10	 R$  49,50 	• Compreender como a versatilidade contribui para a melhoria da produtividade; • Conhecer as principais métricas para a melhoria da rotina do PPCP; • Entender como a Teoria das Restrições contribui para a qualidade das entregas do PPCP.
FIC DIGITAL	Gestão	Planejamento e Controle da Produção	40	 R$  198,00 	Sistemas de Produção	10	 R$  49,50 	• Conhecer os tipos de sistemas de produção; • Conhecer as principais ferramentas para o incremento do PPCP; • Compreender como os sistemas de produção se alinham aos produtos ou serviços.
FIC DIGITAL	Gestão	Qualidade e Produtividade	30	 R$  90,00 	Ferramentas de Qualidade	10	 R$  30,00 	• Reconhecer e diferenciar as sete ferramentas da qualidade; • Identificar e reconhecer uma carta de controle, diagrama de dispersão e um Histograma a analisar o seu conteúdo; • Aplicar Folha de verificação e Diagrama de Pareto, de acordo com o tipo e as especificidades técnicas, para resolução de questões de gestão; • Criar o fluxograma e o diagrama de Ishikawa a partir de problemas encontrados no trabalho de gestão industrial e analisar seus dados de forma a encontrar soluções de gestão de qualidade.
FIC DIGITAL	Gestão	Qualidade e Produtividade	30	 R$  90,00 	Gestão da Produtividade	10	 R$  30,00 	• Identificar e aplicar os conceitos de gestão da produtividade; • Saber, conhecer e aplicar os Métodos enxuto (lean), Konmari,  Getting Things Done e Zen Done, para resolução de questões de gestão; • Reconhecer e aplicar as ferramentas técnicas de produtividade, suas características, funções e requisitos de uso; • Criar uma Tabela 5W2H; • Aplicar a Técnica dos cinco porquês.
FIC DIGITAL	Gestão	Qualidade e Produtividade	30	 R$  90,00 	Introdução a Qualidade	10	 R$  30,00 	• Reconhecer e compreender a evolução do conceito de Qualidade; • Identificar Eras da Gestão de Qualidade; • Reconhecer os precursores das Ferramentas de qualidade; • Analisar de forma crítica as cinco abordagens da qualidade.
FIC DIGITAL	Gestão	Scrum	30	 R$  299,00 	Eventos e Sprints	10	 R$  99,67 	• Compreender os eventos propostos no modelo Scrum, apresentados no Guia Scrum; • Compreender como organizar e estruturar uma Sprint, com sua meta e objetivo; • Compreender como criar um backlog de produto no planejamento da Sprint; • Conhecer técnicas como História de Usuário e Poker Planning para estimativas; • Compreender como realizar reuniões diárias rápidas (Daily Scrum); • Compreender como estruturar e realizar a revisão da Sprint (Sprint Review).
FIC DIGITAL	Gestão	Scrum	30	 R$  299,00 	Introdução ao Scrum	10	 R$  99,67 	• Compreender os conceitos referentes à agilidade, conhecendo os valores e princípios do Manifesto Ágil; • Compreender como foi o surgimento do Scrum como framework ágil, conhecendo os seus pilares, valores e papéis; • Compreender os papéis artefatos propostos no modelo Scrum, apresentados no Guia Scrum.
FIC DIGITAL	Gestão	Scrum	30	 R$  299,00 	Retrospectiva e Implementação Scrum	10	 R$  99,67 	• Conhecer melhores práticas e técnicas para realização da Retrospectiva Scrum; • Compreender a utilização dos gráficos de velocidade e burndown para análise de atividades do projeto; • Compreender a utilização do Kanban em ferramentas de gestão colaborativas; • Conhecer quais são as instituições oficiais certificadoras do Modelo Scrum; • Compreender quais são os primeiros passos para de fato iniciar a implementação do Scrum em qualquer projeto.
FIC DIGITAL	Gestão	Vendas de Alta Performance	40	 R$  198,00 	Atendimento ao Cliente	10	 R$  49,50 	• Reconhecer que o encantamento do cliente é essencial para que a empresa possa ter resultados de alta performance; • Distinguir os tipos de clientes; • Analisar as características necessárias para um atendimento de excelência.
FIC DIGITAL	Gestão	Vendas de Alta Performance	40	 R$  198,00 	Estratégias de Pós-vendas	10	 R$  49,50 	• Conhecer as estratégias de pós-vendas; • Analisar as estratégias mais adequadas para o atendimento a reclamações; • Reconhecer o código de defesa do consumidor como aliado das vendas.
FIC DIGITAL	Gestão	Vendas de Alta Performance	40	 R$  198,00 	Técnicas de Negociação	10	 R$  49,50 	• Reconhecer as objeções às vendas; • Compreender as técnicas necessárias para concretizar uma venda; • Utilizar a negociação como aliada das vendas.
FIC DIGITAL	Gestão	Vendas de Alta Performance	40	 R$  198,00 	Técnicas de Vendas	10	 R$  49,50 	• Reconhecer os diferentes tipos de vendedores; • Analisar diferentes técnicas de vendas para alcançar os resultados desejados; • Aplicar o marketing como aliado para aumentar as vendas.
FIC DIGITAL	Gestão - TI	Construção de Dashboards em Excel	20	 R$  85,00 	Excel Dashboard	10	 R$  42,50 	• Procurar dados com uma função de procura; • Aplicar funções padrões do Excel; • Formatar os dados como tabela; • Identificar as funcionalidades da segmentação de dados, tabela dinâmica e gráfico dinâmico.
FIC DIGITAL	Gestão - TI	Construção de Dashboards em Excel	20	 R$  85,00 	Painel DashBoard	10	 R$  42,50 	•  Reconhecer a segmentação de dados; • Reconhecer a criação de tabela dinâmica e gráfico dinâmico.
FIC DIGITAL	Gestão - TI	Design de UX (Experiência do Usuário)	30	 R$  360,00 	Ferramentas do Profissional de UX	10	 R$  120,00 	• Identificar as ferramentas diferenciando a sua aplicabilidade. • Reconhecer os princípios de aplicabilidade das ferramentas de UX.
FIC DIGITAL	Gestão - TI	Design de UX (Experiência do Usuário)	30	 R$  360,00 	Introdução à Experiência do Usuário (UX)	10	 R$  120,00 	• Identificar os principais conceitos de UX; • Reconhecer o propósito e uso de soluções UX.
FIC DIGITAL	Gestão - TI	Design de UX (Experiência do Usuário)	30	 R$  360,00 	Projetando a Jornada do Usuário	10	 R$  120,00 	• Identificar o conceito de Jornada do Usuário na melhoria ou criação de projetos de experiência do usuário. • Reconhecer os formatos de Jornada do Usuário e sua forma de uso.
FIC DIGITAL	Metalmecânica	Introdução à Internet das Coisas para Manutenção Industrial	40	 R$  360,00 	Fundamentos de Internet das Coisas industrial	10	 R$  90,00 	• Reconhecer algumas tecnologias habilitadoras da Indústria 4.0 para digitalização; • Reconhecer o conceito de IIoT na Indústria 4.0; • Reconhecer os principais cenários de aplicação de IoT.
FIC DIGITAL	Metalmecânica	Introdução à Internet das Coisas para Manutenção Industrial	40	 R$  360,00 	Fundamentos de Redes e Dispositivos para IIoT	10	 R$  90,00 	• Reconhecer as redes de comunicação de IIoT; • Reconhecer alguns dos dispositivos periféricos e de comunicação usados em sistemas IIoT, suas características e aplicações.
FIC DIGITAL	Metalmecânica	Introdução à Internet das Coisas para Manutenção Industrial	40	 R$  360,00 	Introdução a Processamento  e Armazenamento de Dados e Exemplos de Protocolos de Comunicação IoT	10	 R$  90,00 	• Reconhecer o conceito de nuvem, seus tipos e características. • Reconhecer os níveis de processamento e armazenamento de dados em IoT. • Reconhecer alguns protocolos de comunicação aplicáveis em soluções IoT.
FIC DIGITAL	Metalmecânica	Introdução à Internet das Coisas para Manutenção Industrial	40	 R$  360,00 	Introdução a Serviços e Aplicações para Manutenção 4.0 com IIoT	10	 R$  90,00 	• Reconhecer alguns exemplos de plataformas IIoT; • Identificar exemplos de usos e aplicações de IIoT em manutenção 4.0.
FIC DIGITAL	Metalmecânica	Leitura e Interpretação de Desenho Técnico Mecânico	20	 R$  138,60 	Representação Geométrica e Fundamentos Específicos	10	 R$  69,30 	• Reconhecer os conceitos fundamentais de um desenho técnico mecânico. • Identificar conceitos específicos de desenhos técnicos mecânicos, como escala, legenda e cotagem.
FIC DIGITAL	Metalmecânica	Leitura e Interpretação de Desenho Técnico Mecânico	20	 R$  138,60 	Representações Características e Normas Técnicas de Desenho Técnico Mecânico	10	 R$  69,30 	• Identificar as representações de corte e seções, bem como as principais simbologias em desenhos técnicos mecânicos. • Recordar as principais normas técnicas associadas ao desenho técnico mecânico.
FIC DIGITAL	Metalmecânica	Tecnologias 4.0 no Contexto da Indústria	40	 R$  198,00 	A Indústria 4.0: A Conexão do Mundo Físico com o Mundo Digital	10	 R$  49,50 	• Reconhecer os processos de sensoriamento das linhas de produção que conectam os sistemas eletrônicos à tecnologia da Informação, segurança, programação e monitoramento.
FIC DIGITAL	Metalmecânica	Tecnologias 4.0 no Contexto da Indústria	40	 R$  198,00 	Introdução ao Mundo 4.0	10	 R$  49,50 	• Compreender a evolução da indústria e seus componentes, possuindo visão geral das tecnologias habilitadoras e o que elas solucionam. • Compreender o modelo de avaliação da indústria 4.0 e as profissões do futuro.
FIC DIGITAL	Metalmecânica	Tecnologias 4.0 no Contexto da Indústria	40	 R$  198,00 	O Controle na Palma da sua Mão	10	 R$  49,50 	• Programar ou realizar a interação de controladores, atuadores, sensores e dispositivos, e a conectividade para o processo, seguindo segurança da informação e utilizando da tecnologia de realidade aumentada/virtual e mista.
FIC DIGITAL	Metalmecânica	Tecnologias 4.0 no Contexto da Indústria	40	 R$  198,00 	O Valor dos Dados na Tomada de Decisão	10	 R$  49,50 	• Compreensão da conversão de dados em valores para tomada de decisão, armazenamento, monitoramento e otimização de dados.
FIC DIGITAL	Metalmecânica	Inglês Técnico Aplicado à Eletromecânica	40	 R$  120,00 	Conhecendo conceitos	10	 R$  30,00 	• Compreender textos técnicos em inglês, no contexto do desenvolvimento de sistemas, de forma autônoma de acordo com o gênero textual e com seu objetivo de leitura. • Reconhecer o vocabulário da área de desenvolvimento de sistemas no processo de decifração textual. • Compreender as estruturas da gramática na língua inglesa, para fins instrumentais, ou seja, para que o estudante possa ter domínio textual baseado no sistema que rege a língua inglesa por intermédio de padronização e reorganização de saberes linguísticos.
FIC DIGITAL	Metalmecânica	Inglês Técnico Aplicado à Eletromecânica	40	 R$  120,00 	E agora? Quem poderá nos ajudar?	10	 R$  30,00 	• Compreender textos técnicos em inglês, de áreas diversas, tendo em vista a utilização de estratégias de reconhecimento e compreensão textual para consolidar vocabulários de áreas diversas e de maneira contextualizada. • Traduzir textos com estruturas linguísticas básicas para compreensão e desenvolvimento de competências de gerenciamento de textos, criando pontes entre diversos meios de comunicação textual, como livros, manuais, teses, aplicativos, entre outros. • Familiarizar-se com vocabulário técnico, em nível básico, de maneira a potencializar sua compreensão textual. • Compreender as estruturas básicas da gramática na língua inglesa para fins instrumentais, ou seja, para que o estudante possa ter domínio textual baseado no sistema que rege a língua inglesa por intermédio de padronização e reorganização de saberes linguísticos.
FIC DIGITAL	Metalmecânica	Inglês Técnico Aplicado à Eletromecânica	40	 R$  120,00 	Conhecendo novas formas	10	 R$  30,00 	• Compreender textos técnicos em inglês, no contexto do desenvolvimento de sistemas, de forma autônoma de acordo com o gênero textual e com seu objetivo de leitura. • Selecionar ferramentas de tradução online para checagem e validação de significados, conforme contexto. • Compreender as estruturas da gramática na língua inglesa, para fins instrumentais, ou seja, para que o estudante possa ter domínio textual baseado no sistema que rege a língua inglesa por intermédio de padronização e reorganização de saberes linguísticos.
FIC DIGITAL	Metalmecânica	Inglês Técnico Aplicado à Eletromecânica	40	 R$  120,00 	Compreensão de Textos	10	 R$  30,00 	• Compreender textos técnicos em inglês, no contexto do desenvolvimento de sistemas, de forma autônoma de acordo com o gênero textual e com seu objetivo de leitura. • Utilizar estratégias de leitura para compreensão dos textos e construção de sentidos na área de desenvolvimento de sistemas por intermédio de reconhecimento de figuras, legendas, gráficos, tabelas, quadros, marcas tipográficas, notas de rodapé e abstracts relacionando-os com o conteúdo do texto escrito. • Reconhecer o vocabulário da área de desenvolvimento de sistemas no processo de decifração textual.
FIC DIGITAL	Metalmecânica	Elementos Fundamentais em SolidWorks - Básico	20	 R$  296,20 	Introdução ao SolidWorks	10	 R$  148,10 	• Reconhecer os conceitos fundamentais relacionados à ferramenta CAD. • Identificar os principais recursos e menus do SolidWorks.
FIC DIGITAL	Metalmecânica	Elementos Fundamentais em SolidWorks - Básico	20	 R$  296,20 	Introdução à Criação de Esboço e Modelagem de Partes 3D	10	 R$  148,10 	• Identificar as principais entidades e ferramentas para construção de esboços no SolidWorks e como defini-los. • Resumir os recursos básicos para modelagem tridimensional no SolidWorks, como o Ressalto/base e o corte extrudado.
FIC DIGITAL	Metalmecânica	Elementos Essenciais em Solidworks - Intermediário	20	 R$  296,20 	Introdução à Criação de Montagens 3D	10	 R$  148,10 	• Identificar os principais conceitos do modo de construção de montagens no SolidWorks. • Reconhecer os recursos e ferramentas básicas para modelagem tridimensional de montagens no SolidWorks.
FIC DIGITAL	Metalmecânica	Elementos Essenciais em Solidworks - Intermediário	20	 R$  296,20 	Recursos e Ferramentas para Modelagem de Peças 3D	10	 R$  148,10 	• Diferenciar os principais recursos de modelagem tridimensional de peças no SolidWorks. • Identificar recursos e ferramentas específicas de modelagem geométrica.
FIC DIGITAL	Metalmecânica	Elementos Fundamentais em EDGCAM	20	 R$  296,20 	Operações de Faceamento com Edgecam	10	 R$  148,10 	• Reconhecer os fundamentos da tecnologia CAM para o processo de faceamento com o uso do software EdgeCAM. • Identificar os principais conceitos do processo de faceamento com o uso com o uso do software EdgeCAM.
FIC DIGITAL	Metalmecânica	Elementos Fundamentais em EDGCAM	20	 R$  296,20 	Operações de Torneamento com Edgecam	10	 R$  148,10 	• Reconhecer os fundamentos da tecnologia CAM para o processo de  torneamento com o uso do software EdgeCAM. • Identificar os principais conceitos do processo de torneamento com o uso com o uso do software EdgeCAM.
FIC DIGITAL	Moda (Têxtil e Vestuário)	Circularidade aplicada à Moda	10	 R$  130,00 	Circularidade Aplicada à Moda	10	 R$  130,00 	• Reconhecer e descrever o conceito de economia circular e seus princípios; • Identificar os possíveis modelos de negócio de circularidade aplicada à moda; • Aplicar o conceito de circularidade na indústria têxtil; • Debater sobre a capacidade ‘circular’ de uma empresa ou organização. 
FIC DIGITAL	Moda (Têxtil e Vestuário)	Coolhunting - Pesquisa de Tendência de Moda	10	 R$  90,00 	Coolhunting - Pesquisa de Tendência de Moda	10	 R$  90,00 	• Realizar pesquisa de tendências de moda de forma presencial e virtual. • Analisar as tendências de moda e aplicação estratégica para o aumento da assertividade da coleção.
FIC DIGITAL	Moda (Têxtil e Vestuário)	Cultura Lean	30	 R$  299,00 	Liderança Lean	10	 R$  99,67 	• Compreender e avaliar a importância da cultura Lean nas organizações. • Compreender as principais diferenças entre os modelos mentais convencionais e modelos mentais Lean.
FIC DIGITAL	Moda (Têxtil e Vestuário)	Cultura Lean	30	 R$  299,00 	Mindset Lean 	10	 R$  99,67 	• Compreender os três níveis da cultura. • Compreender a diferença entre mindset fixo e de crescimento.
FIC DIGITAL	Moda (Têxtil e Vestuário)	Cultura Lean	30	 R$  299,00 	Valores Lean	10	 R$  99,67 	• Identificar e compreender como os 4Ps do Modelo Toyota estão incorporados na cultura Lean. • Compreender como os cinco valores que definem o Modelo Toyota fortalecem a cultura Lean.
FIC DIGITAL	Moda (Têxtil e Vestuário)	Design Circular	10	 R$  105,00 	Design Circular	10	 R$  105,00 	• Reconhecer e descrever o conceito de design circular e seus princípios; • Aplicar o design circular em produtos da indústria têxtil.
FIC DIGITAL	Moda (Têxtil e Vestuário)	Gestão de Branding para Moda	10	 R$  105,00 	Gestão de Branding para Moda 	10	 R$  105,00 	• Compreender o conceito de branding. • Analisar a aplicação de estratégias de branding em diferentes contextos de mercado.
FIC DIGITAL	Moda (Têxtil e Vestuário)	Impactos Ambientais e Sociais da Indústria Têxtil	10	 R$  130,00 	Impactos Ambientais e Sociais da Indústria Têxtil	10	 R$  130,00 	• Reconhecer e descrever os principais impactos ambientais sociais da indústria têxtil. • Diferenciar quais os principais impactos de cada etapa da cadeia têxtil. • Discutir e comparar possíveis soluções na indústria.
FIC DIGITAL	Moda (Têxtil e Vestuário)	Informações Técnicas para a Criação de Moda	10	 R$  130,00 	Informações Técnicas para a Criação de Moda	10	 R$  130,00 	• Compreender a importância do detalhamento técnico no processo de desenvolvimento do produto de moda. • Empregar o uso de ficha-técnica em negócios de moda. • Analisar os impactos do detalhamento técnico no processo de desenvolvimento de produto.
FIC DIGITAL	Moda (Têxtil e Vestuário)	Inteligência de Mercado para Moda	10	 R$  105,00 	Inteligência de Mercado para Moda	10	 R$  105,00 	• Realizar pesquisas para identificar o público-alvo da marca, bem como manter a atualização das informações sobre consumidores. • Aplicar ferramenta de benchmarking, sabendo identificar qual tipo de benchmarking aplicar de acordo com a necessidade identificada.
FIC DIGITAL	Moda (Têxtil e Vestuário)	Introdução à Criação de Moda	10	 R$  105,00 	Introdução à Criação de Moda	10	 R$  105,00 	• Identificar as novas áreas e habilidades que o novo profissional da Criação 4.0 precisa para atender as novas demandas do mercado de trabalho.
FIC DIGITAL	Moda (Têxtil e Vestuário)	Marketing Consciente na Moda	10	 R$  105,00 	Marketing Consciente na Moda	10	 R$  105,00 	• Reconhecer a importância do marketing consciente na indústria têxtil. • Reconhecer e entender os conceitos de marketing verde e marketing de causa. • Diferenciar marketing verde e práticas de greenwashing. • Entender sobre o consumidor atual no cenário da moda sustentável. • Aplicar práticas de marketing consciente.
FIC DIGITAL	Moda (Têxtil e Vestuário)	Materiais Sustentáveis para a Moda	10	 R$  130,00 	Materiais Sustentáveis para a Moda	10	 R$  130,00 	• Reconhecer a importância dos materiais para a moda sustentável. • Classificar fibras têxteis. • Diferenciar as diferentes fibras e materiais usados na indústria têxtil. • Entender os impactos ambientais causados pelas diversas etapas de obtenção dos materiais usados na indústria têxtil.
FIC DIGITAL	Moda (Têxtil e Vestuário)	Moda Afetiva	10	 R$  90,00 	Moda Afetiva	10	 R$  90,00 	• Descrever e interpretar o conceito de slow fashion. • Aplicar slow fashion na indústria da moda. • Descrever o conceito de descolonização na moda. • Reconhecer o papel do artesanato e do conhecimento ancestral para uma moda mais sustentável e humanizada.
FIC DIGITAL	Moda (Têxtil e Vestuário)	Modelo de Negócios Sustentáveis na Área da Moda	10	 R$  90,00 	Modelo de Negócios Sustentáveis na Área da Moda	10	 R$  90,00 	• Reconhecer características e práticas utilizadas por marcas que investem atualmente na sustentabilidade. • Entender como está o mercado e o comportamento do consumidor sustentável atual. • Identificar quais práticas devem ser aplicadas no futuro pelas marcas de moda que desejam ser sustentáveis.
FIC DIGITAL	Moda (Têxtil e Vestuário)	Moodboard para Criação de Moda	10	 R$  90,00 	Moodboard para Criação de Moda	10	 R$  90,00 	• Elaborar e construir moodboards para coleção de moda. • Articular através de painéis moodboards estratégias otimizando a comunicação conceitual sobre a coleção entre os profissionais envolvidos.
FIC DIGITAL	Moda (Têxtil e Vestuário)	Planejamento de Coleção	10	 R$  130,00 	Planejamento de Coleção	10	 R$  130,00 	• Planejar coleções de vestuário. • Propor soluções para problemas práticos sobre planejamento de coleção em indústrias de vestuário.
FIC DIGITAL	Moda (Têxtil e Vestuário)	Precificação e Custos na Área Têxtil	10	 R$  130,00 	Precificação e Custos na Área Têxtil	10	 R$  130,00 	• Compreender as diferentes formas de custeio e precificação de produtos; • Analisar as práticas de custeio e precificação em seu contexto de trabalho.
FIC DIGITAL	Moda (Têxtil e Vestuário)	Prototipação Ágil na Área Têxtil	10	 R$  130,00 	Prototipação Ágil na Área Têxtil	10	 R$  130,00 	• Compreender as etapas, atividades e decisões envolvidas no processo de prototipação e validação de produtos de moda. • Conhecer tecnologias suas funções e benefícios que tornam o processo de prototipação ágil.
FIC DIGITAL	Moda (Têxtil e Vestuário)	Sustentabilidade na Indústria Têxtil	10	 R$  105,00 	Sustentabilidade na Indústria Têxtil	10	 R$  105,00 	• Identificar os principais indicadores de desempenho e ferramentas usadas para medir a sustentabilidade em uma empresa ou organização. • Identificar as principais diretrizes e certificações de sustentabilidade utilizadas na indústria têxtil. • Debater sobre os níveis reais de sustentabilidade de uma empresa ou organização. • Reconhecer e descrever o conceito de sustentabilidade e seus principais pilares.
FIC DIGITAL	Moda (Têxtil e Vestuário)	Tecnologia Têxtil para Profissionais da Moda	10	 R$  105,00 	Tecnologia Têxtil para Profissionais da Moda	10	 R$  105,00 	• Reconhecer diferentes tipos de tecidos, identificando suas composições e estruturas. • Identificar propriedades e características de tecidos, podendo designar as matérias primas adequadas de acordo com a proposta da coleção de moda planejada.
FIC DIGITAL	Moda (Têxtil e Vestuário)	Transparência na Indústria da Moda	10	 R$  90,00 	Transparência na Indústria da Moda	10	 R$  90,00 	• Descrever o conceito de transparência. • Identificar quais práticas podem ser aplicadas para que a transparência seja atingida na cadeia de produção de moda. • Aplicar a transparência na indústria da moda.
FIC DIGITAL	TI	Inglês Técnico Aplicado ao Desenvolvimento de Sistemas	40	 R$  120,00 	A Busca pelo Tutorial Perfeito	10	 R$  30,00 	• Compreender textos técnicos em inglês, no contexto do desenvolvimento de sistemas, de forma autônoma de acordo com o gênero textual e com seu objetivo de leitura. • Reconhecer o vocabulário da área de desenvolvimento de sistemas no processo de decifração textual. • Compreender as estruturas da gramática na língua inglesa, para fins instrumentais, ou seja, para que o estudante possa ter domínio textual baseado no sistema que rege a língua inglesa por intermédio de padronização e reorganização de saberes linguísticos.
FIC DIGITAL	TI	Inglês Técnico Aplicado ao Desenvolvimento de Sistemas	40	 R$  120,00 	Contextos e Circunstâncias no Desenvolvimento de Sistemas	10	 R$  30,00 	• Compreender textos técnicos em inglês, no contexto do desenvolvimento de sistemas, de forma autônoma de acordo com o gênero textual e com seu objetivo de leitura. • Selecionar ferramentas de tradução online para checagem e validação de significados, conforme contexto. • Compreender as estruturas da gramática na língua inglesa, para fins instrumentais, ou seja, para que o estudante possa ter domínio textual baseado no sistema que rege a língua inglesa por intermédio de padronização e reorganização de saberes linguísticos.
FIC DIGITAL	TI	Inglês Técnico Aplicado ao Desenvolvimento de Sistemas	40	 R$  120,00 	Expressões e Vocabulário Específico	10	 R$  30,00 	• Compreender textos técnicos em inglês, no contexto do desenvolvimento de sistemas, de forma autônoma de acordo com o gênero textual e com seu objetivo de leitura. • Familiarizar-se com vocabulário técnico, em nível básico, de maneira a potencializar sua compreensão textual. • Traduzir textos com estruturas linguísticas básicas para compreensão e desenvolvimento de competências de gerenciamento de textos, criando pontes entre diversos meios de comunicação textual, como livros, manuais, teses, aplicativos, entre outros. • Compreender as estruturas da gramática na língua inglesa, para fins instrumentais, ou seja, para que o estudante possa ter domínio textual baseado no sistema que rege a língua inglesa por intermédio de padronização e reorganização de saberes linguísticos.
FIC DIGITAL	TI	Inglês Técnico Aplicado ao Desenvolvimento de Sistemas	40	 R$  120,00 	O Canivete Suíço da Compreensão de Textos	10	 R$  30,00 	• Compreender textos técnicos em inglês, no contexto do desenvolvimento de sistemas, de forma autônoma de acordo com o gênero textual e com seu objetivo de leitura. • Utilizar estratégias de leitura para compreensão dos textos e construção de sentidos na área de desenvolvimento de sistemas por intermédio de reconhecimento de figuras, legendas, gráficos, tabelas, quadros, marcas tipográficas, notas de rodapé e abstracts relacionando-os com o conteúdo do texto escrito. • Reconhecer o vocabulário da área de desenvolvimento de sistemas no processo de decifração textual.
FIC DIGITAL	TI	Introdução à Manutenção Baseada em Dados	30	 R$  299,10 	Ciência de Dados e Inteligência Artificial	10	 R$  99,70 	• Identificar os conceitos e aplicações da Ciência de Dados e Aprendizado de Máquina para extração de valor de dados de manutenção; • Aplicar análises exploratórias de dados, utilizando visualizações e estatística básica.
FIC DIGITAL	TI	Introdução à Manutenção Baseada em Dados	30	 R$  299,10 	Literacia de Dados e Estatística	10	 R$  99,70 	• Compreender o que são dados, o valor fornecido por dados de equipamentos industriais, o ciclo de vida dos dados e seu papel na Indústria 4.0; • Aplicar técnicas básicas de estatística descritiva para extrair informação de dados de equipamentos.
FIC DIGITAL	TI	Introdução à Manutenção Baseada em Dados	30	 R$  299,10 	Manutenção Preditiva 4.0	10	 R$  99,70 	• Reconhecer a manutenção preditiva 4.0 nas diferentes etapas de maturidade e pontos de atenção para escopo de projetos utilizando dados; • Esclarecer o planejamento da coleta de dados para resolução de problemas.
CT 60x40	Modelagem do Vestuário	Gestão dos Processos de Modelagem do Vestuário e Inspeção da Qualidade	  120 		Perfis profissionais para o setor de modelagem	12	 R$  -   	● Identificar na equipe os perfis profissionais adequados a cada etapa do processo de modelagem de acordo com cronograma estabelecido
CT 60x40	Modelagem do Vestuário	Gestão dos Processos de Modelagem do Vestuário e Inspeção da Qualidade	  120 		Metas e resultados do setor de modelagem	12	 R$  -   	● Correlacionar os resultados da produção de modelagem com as metas estabelecidas para setor
CT 60x40	Modelagem do Vestuário	Gestão dos Processos de Modelagem do Vestuário e Inspeção da Qualidade	  120 		Grade de Tamanhos do Produto Fina	12	 R$  -   	● Identificar a grade de tamanhos estabelecida pela marca em função do produto final
CT 60x40	Modelagem do Vestuário	Gestão dos Processos de Modelagem do Vestuário e Inspeção da Qualidade	  120 		Qualidade na Gradação Manual e Informatizada	12	 R$  -   	● Identificar métodos e ferramentas utilizadas na gradação em função da disponibilidade de recursos da empresa (manuais ou informatizados
CT 60x40	Modelagem do Vestuário	Gestão dos Processos de Modelagem do Vestuário e Inspeção da Qualidade	  120 		Meio Ambiente e Sustentabilidade e os Processos de Encaixe	12	 R$  -   	●  Aplicar técnicas para otimização do encaixe com vistas a redução de custos e do desperdício de recursos (matéria prima, utilidades, tempo...) ● Aplicar os princípios, normas e procedimentos de saúde, segurança e meio ambiente às atividades sob a sua responsabilidade
CT 60x40	Modelagem do Vestuário	Gestão dos Processos de Modelagem do Vestuário e Inspeção da Qualidade	  120 		Processos de Enobrecimento e a Saúde Ocupacional	12	 R$  -   	● Identificar na ficha técnica\criação possíveis processos de enobrecimento para ajustes no cronograma, se necessário
CT 60x40	Modelagem do Vestuário	Gestão dos Processos de Modelagem do Vestuário e Inspeção da Qualidade	  120 		Soluções para Eliminação de Desvios na Produção do Vestuário	12	 R$  -   	● Identificar, quando necessário e pelo uso de técnicas e tecnologias específicas, possíveis soluções para minimizar ou eliminar os desvios entre a produção planejada e a executada ●  Reconhecer a importância do seu trabalho no contexto da organização, considerando os impactos das suas atividades nos resultados dos produtos e serviços da empresa.
CT 60x40	Modelagem do Vestuário	Fundamentos da Moda	  54 		Terminologias da Moda	13	 R$  -   	● Identificar terminologias da moda
CT 60x40	Modelagem do Vestuário	Fundamentos da Moda	  54 		Tecnologias para cadeia produtiva da moda	13	 R$  -   	● Reconhecer novas tecnologias e suas aplicabilidades na cadeia produtiva da moda
CT 60x40	Modelagem do Vestuário	Fundamentos da Moda	  54 		Segmentos de Mercado e Sistemas da Moda	14	 R$  -   	● Identificar os diversos sistemas e segmentos de mercado da moda
CT 60x40	Modelagem do Vestuário	Fundamentos da Moda	  54 		História da moda e Ciclo da Moda	14	 R$  -   	● Identificar na história da moda a influência dos aspectos sociais, políticos, econômicos e culturais nas características e estilos de cada época
CT 60x40	Modelagem do Vestuário	Construção de Tabelas e Desenvolvimento de Bases	  30 		Medidas Antropométricas	15	 R$  -   	● Identificar as medidas Antropométricas do público alvo da marca, através dos dados de pesquisas fornecidas pela empresa.
CT 60x40	Modelagem do Vestuário	Construção de Tabelas e Desenvolvimento de Bases	  30 		Prototipagem de Bases	15	 R$  -   	● Aplicar técnicas de prototipagem, para a montagem de base de modelagem
CT 60x40	Modelagem do Vestuário	Modelagem Industrial do Vestuário: Plana, Tridimensional e Informatizada	  48 		Sistemas de Produção e Normas Aplicadas ao Setor de Modelagem	16	 R$  -   	● Identificar possíveis soluções para minimizar ou eliminar as causas das falhas, desvios e perdas identificadas no processo produtivo
CT 60x40	Modelagem do Vestuário	Modelagem Industrial do Vestuário: Plana, Tridimensional e Informatizada	  48 		Documentos Técnicos Aplicados à Modelagem	16	 R$  -   	● Identificar possíveis soluções para minimizar ou eliminar as causas das falhas, desvios e perdas identificadas no processo produtivo
CT 60x40	Modelagem do Vestuário	Modelagem Industrial do Vestuário: Plana, Tridimensional e Informatizada	  48 		Proatividade e Ética na Confecção de Moda	16	 R$  -   	● Identificar possíveis soluções para minimizar ou eliminar as causas das falhas, desvios e perdas identificadas no processo produtivo
CT 60x40	Modelagem do Vestuário	Tecnologias da Comunicação	  30 		Padrões e Normas da Linguagem nos Documentos do Vestuári	15	 R$  -   	● Aplicar os princípios, padrões e normas da linguagem culta na comunicação oral e na elaboração de diferentes tipos de textos técnicos e comerciais. ● Interpretar dados e informações de textos técnicos básicos em português e inglês (normas, procedimentos, manuais, planilhas, relatórios, catálogos e desenho técnicos) relacionados ao vestuário.
CT 60x40	Modelagem do Vestuário	Tecnologias da Comunicação	  30 		Informática na Elaboração de Textos e Trabalho em Equipe na Modelagem	15	 R$  -   	● Aplicar os princípios da informática na elaboração de textos básicos, apresentações, pesquisas e planilhas. ●  Demonstrar espírito colaborativo em atividades coletivas
CT 60x40	Plástico	Fundamentos para o Processamento de Polímeros	 -		Rotinas Produtivas do Processamento de Polímeros		 R$  -   	
CT 60x40	Plástico	Fundamentos para o Processamento de Polímeros	 -		Matemática e Metrologia para o Processamento de Polímeros		 R$  -   	
CT 60x40	Plástico	Fundamentos para o Processamento de Polímeros	 -		Conceitos Fundamentais para Processamento de Polímeros		 R$  -   	
CT 60x40	Módulo Inovação	Processo Criativo	  40 		Processo Criativo	16	 R$  -   	● Empregar os tipos de inovação identificando as características do problema; ● Criar soluções que agreguem valor de acordo com a demanda do cliente;
CT 60x40	Módulo Inovação	Modelagem de Projetos	  40 		Modelagem de Projetos	12	 R$  -   	● Empregar os tipos de inovação identificando as características do problema; ● Criar soluções que agreguem valor de acordo com a demanda do cliente; ● Aplicar ferramentas de ideação para resolver problemas complexos;
CT 60x40	Módulo Inovação	Mindset Empreendedor e Prototipação	  40 		Mindset Empreendedor e Prototipação	12	 R$  -   	● Identificar oportunidades de empreender negócios. ● Validar proposta de valor por meio do protótipo ● Demonstrar proposta de valor por meio do pitch; ● Participar de um desafios para solucionar um problema da indústria com foco na inovação, que do SENAI;